{
  "by_type": {
    "k-number": {
      "bm25": [
        1.0,
        1.0,
        1.0
      ],
      "dense": [
        0.1111111111111111,
        0.1111111111111111,
        0.1111111111111111
      ],
      "hybrid": [
        1.0,
        1.0,
        1.0
      ]
    },
    "ALL": {
      "bm25": [
        0.7377049180327869,
        0.7868852459016393,
        0.6482825917252147
      ],
      "dense": [
        0.3770491803278688,
        0.4262295081967213,
        0.31026541764246685
      ],
      "hybrid": [
        0.819672131147541,
        0.8524590163934426,
        0.6780054644808743
      ]
    },
    "concept": {
      "bm25": [
        0.5517241379310345,
        0.6206896551724138,
        0.4035303776683087
      ],
      "dense": [
        0.5172413793103449,
        0.6206896551724138,
        0.43711001642036124
      ],
      "hybrid": [
        0.6896551724137931,
        0.7241379310344828,
        0.4951149425287356
      ]
    },
    "irule": {
      "bm25": [
        0.7142857142857143,
        0.8571428571428571,
        0.7346938775510204
      ],
      "dense": [
        0.2857142857142857,
        0.2857142857142857,
        0.21428571428571427
      ],
      "hybrid": [
        0.8571428571428571,
        0.8571428571428571,
        0.5476190476190477
      ]
    },
    "rfc": {
      "bm25": [
        1.0,
        1.0,
        1.0
      ],
      "dense": [
        0.3333333333333333,
        0.3333333333333333,
        0.3333333333333333
      ],
      "hybrid": [
        1.0,
        1.0,
        1.0
      ]
    },
    "f5os": {
      "bm25": [
        0.8,
        0.8,
        0.54
      ],
      "dense": [
        0.8,
        0.8,
        0.55
      ],
      "hybrid": [
        0.8,
        1.0,
        0.7333333333333333
      ]
    },
    "cve": {
      "bm25": [
        1.0,
        1.0,
        1.0
      ],
      "dense": [
        0.0,
        0.0,
        0.0
      ],
      "hybrid": [
        1.0,
        1.0,
        1.0
      ]
    },
    "bug-id": {
      "bm25": [
        1.0,
        1.0,
        1.0
      ],
      "dense": [
        0.0,
        0.0,
        0.0
      ],
      "hybrid": [
        1.0,
        1.0,
        0.9
      ]
    }
  },
  "misses": [
    [
      "q002",
      "concept",
      []
    ],
    [
      "s001",
      "concept",
      []
    ],
    [
      "s007",
      "concept",
      []
    ],
    [
      "s008",
      "concept",
      [
        "dense",
        "hybrid"
      ]
    ],
    [
      "s009",
      "concept",
      []
    ],
    [
      "s013",
      "irule",
      [
        "dense",
        "hybrid"
      ]
    ],
    [
      "s014",
      "concept",
      [
        "dense"
      ]
    ],
    [
      "s019",
      "concept",
      [
        "dense",
        "hybrid"
      ]
    ],
    [
      "s020",
      "concept",
      []
    ],
    [
      "s023",
      "concept",
      []
    ],
    [
      "s027",
      "f5os",
      [
        "dense",
        "hybrid"
      ]
    ],
    [
      "s030",
      "concept",
      []
    ],
    [
      "s035",
      "concept",
      [
        "dense",
        "hybrid"
      ]
    ]
  ]
}